Neighborhood,Borough,TotalPopulation,Hispanic,White,Black,NativeAmerican,PacificIslander,Other,Asian,EastAsian,SouthAsian,SouthEastAsian,OtherAsian,GreatestValue,MajorityRace,IsMajorityWhite,NTA,total_complaints,indoor_air_quality_complaints,asbestos_complaints,mold_complaints,sewage_complaints,complaints_per_capita,indoor_air_quality_complaints_per_capita,asbestos_complaints_per_capita,mold_complaints_per_capita,sewage_complaints_per_capita,complaints_per_capita_scaled
SUNSET PARK WEST,Brooklyn,53050.0,57.72855796418474,23.69462770970782,4.179076343072572,0.03581526861451461,0.03581526861451461,0.2846371347785108,11.530631479736098,9.79076343072573,0.6503298774740811,0.642789820923657,0.2224316682375118,57.72855796418474,Hispanic,false,SUNSET PARK WEST,357,259,32,31,35,0.006729500471253535,0.004882186616399623,6.032045240339303E-4,5.843543826578699E-4,6.597549481621112E-4,0.14794491758596165
PROSPECT HEIGHTS,Brooklyn,24082.0,8.786645627439583,56.66472884311934,19.906984469728428,0.016609916119923594,0.0,0.17855659828917864,7.324973008886306,3.795365833402541,2.038867203720621,1.2540486670542315,0.0,56.66472884311934,White,true,PROSPECT HEIGHTS,332,275,21,18,18,0.013786230379536583,0.01141931733244747,8.720205962959888E-4,7.474462253965618E-4,7.474462253965618E-4,0.33676294173221566
CROWN HEIGHTS NORTH,Brooklyn,87451.0,13.64992967490366,21.202730672033482,56.71290208230894,0.16352014270848816,0.0,0.8233182010497306,3.196075516574996,1.6146184720586387,1.0154257812946679,0.4116591005248653,0.0,56.71290208230894,Black,false,CROWN HEIGHTS NORTH,1558,1251,116,65,126,0.017815691072715006,0.01430515374323907,0.0013264571016912328,7.432733759476735E-4,0.0014408068518370286,0.4445798507466717
CROWN HEIGHTS SOUTH,Brooklyn,51880.0,10.47609868928296,31.127602158828065,55.34117193523515,0.0,0.0,0.7151117964533539,1.0370084811102545,0.3546646106399383,0.48959136468774095,0.15805705474171164,0.0019275250578257516,55.34117193523515,Black,false,CROWN HEIGHTS SOUTH,614,522,50,11,31,0.011835003855050116,0.010061680801850425,9.637625289128759E-4,2.1202775636083268E-4,5.97532767925983E-4,0.28455366890985
PROSPECT LEFFERTS GARDENS-WINGATE,Brooklyn,48477.0,8.43080223611197,24.71687604430967,59.182705200404314,0.03506817666109702,0.0,0.6023475050023722,3.1747014047899,1.8874930379355157,1.0541081337541514,0.1732780493842441,0.04125667842482002,59.182705200404314,Black,false,PROSPECT LEFFERTS GARDENS-WINGATE,1033,851,81,32,69,0.021309074406419538,0.01755471666976092,0.0016708954762052106,6.601068547971203E-4,0.0014233554056562905,0.5380528541389799
BAY RIDGE,Brooklyn,85796.0,19.711874679472235,58.68688516947177,3.181966525245932,0.09674110681150637,0.016317777052543243,0.35665998414844513,15.365518205976969,10.876963961023824,2.355587673084992,1.6038043731642502,0.18415776959298802,58.68688516947177,White,true,BAY RIDGE,1134,969,94,44,27,0.013217399412560026,0.01129423283136743,0.0010956221735279035,5.12844421651359E-4,3.1469998601333396E-4,0.32154264271926264
DYKER HEIGHTS,Brooklyn,43548.0,13.334711123358133,40.502434095710484,1.4420868926242307,0.24111325434003858,0.0,0.07348213465601176,43.547350050518965,38.86516028290622,3.0586938550564895,1.0241572517681639,0.1699274363920272,43.547350050518965,Asian,false,DYKER HEIGHTS,200,141,18,20,21,0.004592633416000735,0.003237806558280518,4.1333700744006614E-4,4.592633416000735E-4,4.8222650868007716E-4,0.09076843209195652
BATH BEACH,Brooklyn,33765.0,15.213978972308603,44.409891899896344,2.265659706796979,0.035539760106619286,0.008884940026654822,0.1273508070487191,33.08159336591145,27.17606989486154,4.895601954686806,0.2162002073152673,0.414630534577225,44.409891899896344,White,true,BATH BEACH,164,116,19,15,14,0.004857100547904635,0.0034355101436398636,5.627128683548053E-4,4.44247001332741E-4,4.146305345772249E-4,0.09784482043992307
FLATLANDS,Brooklyn,71676.0,8.732351135666052,15.52960544673252,65.6649366594118,0.132540878397232,0.0,0.8845359674088955,5.234667113120152,0.8622132931525197,3.8088062949941404,0.507840839332552,0.01534683855125844,65.6649366594118,Black,false,FLATLANDS,395,306,29,30,30,0.005510910207042804,0.004269211451531894,4.0459847089681345E-4,4.1855014230704837E-4,4.1855014230704837E-4,0.11533890758945396
CANARSIE,Brooklyn,90185.0,8.738703775572434,4.32777069357432,80.51449797638188,0.12973332594112102,0.0,0.3880911459777125,2.5015246437877696,1.5601264068304042,0.6719520984642678,0.24394300604313354,0.025503132449963963,80.51449797638188,Black,false,CANARSIE,363,262,33,23,45,0.004025059599711704,0.0029051394356045908,3.6591450906470034E-4,2.5503132449963963E-4,4.989743305427732E-4,0.07558177085626831
MOTT HAVEN-PORT MORRIS,Bronx,54828.0,69.58670752170424,2.954694681549573,26.04143868096593,0.08025096665937112,0.0,0.48880134237980594,0.6401838476690741,0.04559714014736996,0.5125118552564383,0.08207485226526592,0.0,69.58670752170424,Hispanic,false,MOTT HAVEN-PORT MORRIS,421,338,39,19,25,0.007678558400817101,0.006164733347924418,7.113153862989713E-4,3.465382651200117E-4,4.5597140147369956E-4,0.17333900881371103
HUNTS POINT,Bronx,14509.0,71.81060031704459,1.7644220828451307,24.46757185195396,1.2612860982838239,0.0,0.36529050933903096,0.27569095044455166,0.16541457026673098,0.0,0.11027638017782067,0.0,71.81060031704459,Hispanic,false,HUNTS POINT,339,272,32,11,24,0.023364808050175753,0.018746984630229512,0.0022055276035564133,7.58150113722517E-4,0.0016541457026673098,0.5930584402716464
LONGWOOD,Bronx,40395.0,72.98180467879688,2.245327392003961,23.148904567396954,0.0,0.0,0.25250649832900113,0.6807773239262285,0.39856417873499195,0.04703552419853942,0.17823988117341255,0.0,72.98180467879688,Hispanic,false,LONGWOOD,251,217,15,4,15,0.006213640302017576,0.00537195197425424,3.713330857779428E-4,9.902215620745142E-5,3.713330857779428E-4,0.13414196648015903
CROTONA PARK EAST,Bronx,29120.0,62.074175824175825,0.8001373626373626,34.16552197802198,0.06868131868131869,0.0,1.1813186813186813,0.6181318681318682,0.24725274725274723,0.34684065934065933,0.0,0.02403846153846154,62.074175824175825,Hispanic,false,CROTONA PARK EAST,204,172,12,10,10,0.007005494505494506,0.005906593406593406,4.120879120879121E-4,3.4340659340659343E-4,3.4340659340659343E-4,0.15532973305982084
HIGHBRIDGE,Bronx,33144.0,61.763818489017616,2.7425778421433744,32.563963311609946,0.0,0.0,1.0137581462708183,0.5943760559980691,0.13878831764421917,0.23231957518706253,0.0,0.15387400434467777,61.763818489017616,Hispanic,false,HIGHBRIDGE,459,367,33,13,46,0.013848660391020999,0.011072894038136615,9.956553222302679E-4,3.922278542119237E-4,0.0013878831764421917,0.33843339129867545
MOUNT HOPE,Bronx,48934.0,64.5665590387052,1.6185065598561328,29.76253729513222,0.1123962888788981,0.0020435688887072384,0.9870437732455961,0.9890873421343033,0.09604773776924021,0.5762864266154413,0.26770752442064827,0.049045653328973725,64.5665590387052,Hispanic,false,MOUNT HOPE,443,360,43,7,33,0.009053010176973065,0.007356847999346058,8.787346221441124E-4,1.430498222095067E-4,6.743777332733886E-4,0.21011542962492244
PELHAM BAY-COUNTRY CLUB-CITY ISLAND,Bronx,28126.0,41.06876199957335,46.572566308753466,4.735831614875916,0.0,0.0,0.5688686624475574,5.034487662660883,1.5537225343098913,0.440873213396857,2.9367844698855152,0.021332574841783403,46.572566308753466,White,true,PELHAM BAY-COUNTRY CLUB-CITY ISLAND,215,163,24,15,13,0.007644172651639053,0.005795349498684491,8.533029936713361E-4,5.33314371044585E-4,4.622057882386404E-4,0.17241894395321994
CO-OP CITY,Bronx,37285.0,28.475258146707795,5.436502614992624,60.02682043717312,0.0,0.0,0.4157167761834518,2.6713155424433417,0.002682043717312592,1.0111304814268471,1.4563497385007376,0.0,60.02682043717312,Black,false,CO-OP CITY,322,254,38,6,23,0.008636180769746546,0.006812391041973984,0.0010191766125787851,1.6092262303875554E-4,6.168700549818963E-4,0.1989622600830099
WILLIAMSBRIDGE-OLINVILLE,Bronx,62282.0,33.64856619890177,2.5994669406891235,58.38765614463248,0.5683825182235638,0.03050640634533252,1.5799107286214316,1.3679714845380688,0.09633602003789217,0.9007417873542917,0.3580488744741659,0.0,58.38765614463248,Black,false,WILLIAMSBRIDGE-OLINVILLE,557,418,55,19,65,0.008943193860184323,0.006711409395973154,8.830801836806782E-4,3.050640634533252E-4,0.0010436402170771652,0.2071770572875129
EASTCHESTER-EDENWALD-BAYCHESTER,Bronx,57325.0,28.368076755342347,2.199738334060183,65.85259485390318,0.09943305713039687,0.0,0.7483645878761448,0.7204535542956825,0.3785433929350196,0.2895769733972961,0.05233318796336677,0.0,65.85259485390318,Black,false,EASTCHESTER-EDENWALD-BAYCHESTER,211,158,20,6,27,0.0036807675534234626,0.00275621456607065,3.4888791975577847E-4,1.0466637592673354E-4,4.7099869167030093E-4,0.06636949480853258
WEST VILLAGE,Manhattan,31984.0,9.364057028514257,79.34904952476238,1.7321160580290145,0.08441720860430214,0.0,0.19697348674337167,5.524637318659329,3.864432216108054,1.2818909454727363,0.37831415707853927,0.0,79.34904952476238,White,true,WEST VILLAGE,1201,999,91,72,38,0.037550025012506254,0.031234367183591797,0.0028451725862931464,0.0022511255627813906,0.0011880940470235118,0.9726145057190844
LOWER EAST SIDE,Manhattan,45118.0,30.772640631233656,33.489959661332506,10.058069949909127,0.507557959129394,0.04211179573562658,0.4831774458087681,22.99747329225586,20.058513231969503,1.9105456802163219,0.9907354049381623,0.0,33.489959661332506,White,true,LOWER EAST SIDE,712,583,73,26,30,0.01578084134935059,0.012921672059931735,0.0016179795203688106,5.762666784875216E-4,6.649230905625249E-4,0.3901330589331953
EAST VILLAGE,Manhattan,70450.0,23.14833215046132,50.15046132008517,7.797019162526615,0.2044002838892832,0.017033356990773598,0.34634492547906315,14.136266855926188,11.483321504613201,1.8254080908445707,0.7338537970191625,0.014194464158978,50.15046132008517,White,true,EAST VILLAGE,1231,1122,53,22,34,0.017473385379701917,0.015926188786373315,7.52306600425834E-4,3.12278211497516E-4,4.8261178140525195E-4,0.4354207238637114
EAST HARLEM SOUTH,Manhattan,59773.0,42.23478828233483,18.610409382162516,22.312749903802718,0.11209074331219782,0.0,1.669650176501096,13.250129657203086,9.395546484198551,1.9205996018269118,1.232998176434176,0.6357385441587339,42.23478828233483,Hispanic,false,EAST HARLEM SOUTH,716,611,35,17,53,0.011978652568885617,0.010222006591604904,5.855486590935707E-4,2.844093487025915E-4,8.866879694845499E-4,0.28839729997836133
EAST HARLEM NORTH,Manhattan,64720.0,45.10352286773795,10.506798516687269,37.771940667490725,0.010815822002472188,0.0,0.8529048207663783,4.031211372064277,2.0194684796044498,1.123300370828183,0.715389369592089,0.0046353522867737945,45.10352286773795,Hispanic,false,EAST HARLEM NORTH,751,629,49,25,48,0.011603831891223732,0.009718788627935723,7.571075401730531E-4,3.8627935723114956E-4,7.416563658838071E-4,0.27836816457356073
WASHINGTON HEIGHTS SOUTH,Manhattan,82547.0,70.65671677953166,13.506244927132421,10.088797896955674,0.11387451997044108,0.0036342931905459916,0.47609240796152497,4.036488303633082,1.612414745538905,1.2683683235005512,1.0260821107974851,0.04118865615952124,70.65671677953166,Hispanic,false,WASHINGTON HEIGHTS SOUTH,1022,848,124,16,34,0.01238082546912668,0.010272935418610005,0.00150217451875901,1.938289701624529E-4,4.118865615952124E-4,0.29915830307408026
WASHINGTON HEIGHTS NORTH,Manhattan,83526.0,63.28448626774896,27.359145655245072,3.7102219668127288,0.07662284797548069,0.005986159998084429,0.6536886717908196,2.9068792950697984,1.7874673754280104,0.606996623805761,0.45853985585326723,0.0011972319996168858,63.28448626774896,Hispanic,false,WASHINGTON HEIGHTS NORTH,1286,1155,73,13,45,0.01539640351507315,0.01382802959557503,8.739793597203266E-4,1.5564015995019515E-4,5.387543998275986E-4,0.3798465957670015
WOODSIDE,Queens,48799.0,37.791758027828436,18.379474989241583,0.6885386995635157,0.05942744728375582,0.0,0.3135310149798151,41.5315887620648,14.805631262935714,14.416279022111109,10.832189184204594,0.75411381380766,41.5315887620648,Asian,false,WOODSIDE,252,207,25,6,14,0.005164040246726368,0.004241890202668087,5.123055800323777E-4,1.2295333920777065E-4,2.868911248181315E-4,0.1060576538934946
JACKSON HEIGHTS,Queens,93703.0,52.068770476932436,17.557602211241903,2.7224315123315157,0.0576288912841638,0.0672337064981911,0.5293320384619489,24.644888637503602,7.992273459761161,12.749858595776015,3.068204860036498,0.42581347448854356,52.068770476932436,Hispanic,false,JACKSON HEIGHTS,522,384,66,30,42,0.005570792824135833,0.0040980544913183144,7.043531156953353E-4,3.201605071342433E-4,4.482247099879406E-4,0.11694119612637821
KEW GARDENS HILLS,Queens,35489.0,15.255431260390543,50.13102651525825,7.6558933754120995,0.2113330891262081,0.0,0.2620530305164981,23.71439037448223,14.906027219701878,3.5475781227986136,2.479641579080842,2.031615430133281,50.13102651525825,White,true,KEW GARDENS HILLS,269,204,38,12,15,0.007579813463326665,0.005748260024232861,0.0010707543182394545,3.3813294260193297E-4,4.226661782524162E-4,0.1706968751011107
FRESH MEADOWS-UTOPIA,Queens,22124.0,10.111191466280962,29.230699692641476,7.1144458506599175,0.0,0.0,0.2847586331585608,50.637316940878684,37.26270113903453,9.745073223648525,3.2769842704755017,0.225998915205207,50.637316940878684,Asian,false,FRESH MEADOWS-UTOPIA,86,66,9,6,5,0.0038871813415295607,0.0029831856807087326,4.0679804736937263E-4,2.711986982462484E-4,2.2599891520520702E-4,0.07189254077079751
JAMAICA ESTATES-HOLLISWOOD,Queens,25084.0,14.220220060596397,26.096316376973373,25.590017541062032,0.4425131557965237,0.0,1.4790304576622548,28.870993461967785,2.9740073353532135,19.996810715994258,5.170626694307128,0.143517780258332,28.870993461967785,Asian,false,JAMAICA ESTATES-HOLLISWOOD,235,213,12,4,6,0.00936852176686334,0.008491468665284644,4.783926008611067E-4,1.5946420028703555E-4,2.3919630043055335E-4,0.21855762250641528
KEW GARDENS,Queens,24167.0,24.65759092978028,45.702817892167005,6.4550833781603005,0.6165432200935159,0.041378739603591674,1.0261927421690735,18.678363057061283,4.932345760748127,10.266065295651094,3.1323705879918897,0.028965117722514172,45.702817892167005,White,true,KEW GARDENS,367,306,41,10,10,0.015185997434518145,0.012661894318699053,0.0016965283237472587,4.137873960359167E-4,4.137873960359167E-4,0.3742167274122383
RICHMOND HILL,Queens,35842.0,41.537860610457,15.066123542213047,7.851124379219909,0.8732771608727192,0.0,3.141565760839239,25.857932035042687,1.5652028346632443,21.497126276435466,2.321299034652084,0.30690251660063617,41.537860610457,Hispanic,false,RICHMOND HILL,298,197,45,26,30,0.008314268176999052,0.005496345070029574,0.0012555102951844206,7.254059483287763E-4,8.370068634562804E-4,0.1903487945684755
WOODHAVEN,Queens,41984.0,59.741806402439025,13.967225609756099,4.301638719512195,0.0,0.0,1.9507431402439026,17.994950457317074,9.232088414634147,6.750190548780488,1.7768673780487805,0.1286204268292683,59.741806402439025,Hispanic,false,WOODHAVEN,274,208,19,36,11,0.006526295731707317,0.004954268292682927,4.525533536585366E-4,8.57469512195122E-4,2.620045731707317E-4,0.1425077366371436
SOUTH OZONE PARK,Queens,86560.0,22.092190388170057,4.721580406654343,19.10466728280961,1.0189463955637708,0.12361367837338262,12.444547134935306,33.19662661737523,1.5480591497227356,30.419362292051755,0.6677449168207024,0.29690388170055454,33.19662661737523,Asian,false,SOUTH OZONE PARK,395,284,43,28,40,0.0045633086876155264,0.003280961182994455,4.967652495378928E-4,3.234750462107209E-4,4.621072088724584E-4,0.08998378575515661
OZONE PARK,Queens,25905.0,39.0310750820305,19.02721482339317,6.022003474232774,0.08106543138390272,0.03088206909862961,3.8486778614167148,28.345879173904653,5.045358038988612,20.89558000386026,1.5248021617448368,0.6060606060606061,39.0310750820305,Hispanic,false,OZONE PARK,81,61,5,8,7,0.0031268094962362478,0.0023547577687705076,1.9301293186643504E-4,3.088206909862961E-4,2.702181046130091E-4,0.05154715256539056
AUBURNDALE,Queens,35803.0,16.17741530039382,34.245733597743204,1.2876015976314834,0.1256877915258498,0.0418959305086166,0.6312320196631568,45.91793983744379,39.6698600675921,2.8461302125520205,2.3573443566181607,0.49716504203558365,45.91793983744379,Asian,false,AUBURNDALE,73,50,13,6,4,0.0020389352847526745,0.0013965310169538865,3.630980644080105E-4,1.6758372203446638E-4,1.1172248135631093E-4,0.022438732404533063
BREEZY POINT-BELLE HARBOR-ROCKAWAY PARK-BROAD CHANNEL,Queens,26170.0,11.757737867787544,81.49407718761941,2.6709973251815056,0.0,0.0,0.03439052350019106,2.934658005349637,1.119602598395109,0.9743981658387466,0.7069163163928162,0.0,81.49407718761941,White,true,BREEZY POINT-BELLE HARBOR-ROCKAWAY PARK-BROAD CHANNEL,333,215,49,59,10,0.012724493695070692,0.008215513947267864,0.0018723729461215131,0.0022544898739014136,3.8211692777990065E-4,0.30835388746344866
PORT RICHMOND,Staten Island,19701.0,41.820212171970965,20.39490381198924,29.424902289223898,0.10659357393025734,0.0,0.1878077254961677,5.786508299071113,0.3654636820465966,4.350032993249074,0.9644180498451855,0.0,41.820212171970965,Hispanic,false,PORT RICHMOND,114,76,13,12,13,0.0057865082990711135,0.0038576721993807423,6.598649814730217E-4,6.091061367443277E-4,6.598649814730217E-4,0.12271312877569801
NEW DORP-MIDLAND BEACH,Staten Island,28775.0,17.209383145091227,61.57775847089487,4.156385751520418,0.10078192875760209,0.0,0.4413553431798436,14.286707211120763,12.903562119895742,0.9695916594265855,0.17723718505647262,0.0,61.57775847089487,White,true,NEW DORP-MIDLAND BEACH,153,52,13,68,20,0.005317115551694179,0.0018071242397914857,4.5178105994787143E-4,0.002363162467419635,6.950477845351868E-4,0.11015351373300485
GREENPOINT,Brooklyn,37518.0,14.654299269683884,72.69310730849192,2.4974678820832668,0.058638520176981714,0.0,0.5597313289620982,3.9714270483501255,1.900421131190362,1.3646782877552108,0.4344581267658191,0.07729623114238499,72.69310730849192,White,true,GREENPOINT,543,435,41,32,35,0.014473052934591396,0.011594434671357748,0.0010928087851164775,8.529239298470068E-4,9.328855482701637E-4,0.35514036009313527
WILLIAMSBURG,Brooklyn,63316.0,29.86290984901131,55.00505401478299,2.2032345694611157,0.017373175816539264,0.0,0.39168614568197613,7.860572367174173,4.649693600353781,2.3943395034430477,0.4043211826394592,0.1137153326173479,55.00505401478299,White,true,WILLIAMSBURG,76,59,9,5,3,0.0012003285109608945,9.318339756143786E-4,1.4214416577168487E-4,7.896898098426938E-5,4.738138859056163E-5,0.0
EAST WILLIAMSBURG,Brooklyn,53478.0,37.58367926998018,37.963274617599765,12.040465238041811,0.10845581360559482,0.0,0.3216275851752122,9.143947043644115,7.1225550693743225,0.9985414562997869,0.7049627884363663,0.08788660757694752,37.963274617599765,White,true,EAST WILLIAMSBURG,605,529,24,24,28,0.011313063315756012,0.009891918171958563,4.4878267698866825E-4,4.4878267698866825E-4,5.23579789820113E-4,0.2705880243928812
FORT GREENE,Brooklyn,35051.0,16.076574134832104,34.13312031040484,30.181735185872014,0.5506262303500613,0.0,1.169724116287695,10.758608884197313,7.469116430344355,2.108356394967333,0.8473367378962084,0.011411942597928732,34.13312031040484,White,true,FORT GREENE,353,262,29,35,27,0.010071039342672106,0.00747482240164332,8.273658383498331E-4,9.985449773187642E-4,7.703061253601895E-4,0.2373549949886082
CLINTON HILL,Brooklyn,27368.0,13.36962876351944,46.81379713534054,27.546769950306928,0.05115463314820228,0.0,0.3836597486115171,7.121455714703304,4.629494299912306,1.5931014323297281,0.6065477930429699,0.06942414498684595,46.81379713534054,White,true,CLINTON HILL,671,539,65,30,37,0.02451768488745981,0.01969453376205788,0.0023750365390236773,0.0010961707103186204,0.0013519438760596317,0.6239061458419624
BOROUGH PARK,Brooklyn,84493.0,7.759222657498254,81.67422153314476,0.6284544281774822,0.037872959890168416,0.0,1.9090338844638017,7.0325352396056475,3.9695596084882774,2.8534908217248764,0.13728947960186053,0.0,81.67422153314476,White,true,BOROUGH PARK,329,243,52,16,18,0.0038938136887079404,0.002875977891659664,6.154355982152368E-4,1.8936479945084209E-4,2.1303539938219735E-4,0.07207000351996747
BRIGHTON BEACH,Brooklyn,31295.0,12.267135325131811,71.49065345901901,0.8403898386323694,0.0,0.0,0.6518613196996325,8.387921393193801,2.0226873302444477,4.815465729349736,0.9522287905416201,0.5048729829046174,71.49065345901901,White,true,BRIGHTON BEACH,394,319,27,35,13,0.012589870586355648,0.010193321616871705,8.627576290142195E-4,0.0011183895190925068,4.154018213772168E-4,0.30475175592059844
FLATBUSH,Brooklyn,69495.0,17.772501618821497,15.79250305777394,58.36391107273905,0.01151161954097417,0.0,0.4172962083603137,4.171523131160515,0.9396359450320166,2.4836319159651774,0.6259443125404706,0.11511619540974172,58.36391107273905,Black,false,FLATBUSH,1182,990,95,37,60,0.017008417871789337,0.014245629181955537,0.0013670048204906828,5.324124037700554E-4,8.633714655730628E-4,0.4229795156444185
MIDWOOD,Brooklyn,53963.0,7.497729926060449,68.9101791968571,5.6056927895039195,0.0,0.06671237699905491,1.1507885032336973,13.944739914385785,4.201026629357152,7.469933102310843,0.2409058058299205,1.8327372458907027,68.9101791968571,White,true,MIDWOOD,459,370,40,21,28,0.008505828067379501,0.006856549858236199,7.412486333228323E-4,3.8915553249448695E-4,5.188740433259826E-4,0.19547439246968662
MADISON,Brooklyn,42801.0,7.415714586107801,60.88175509917993,3.0863764865306886,0.05607345622765823,0.0981285483984019,0.11448330646480222,25.104553631924485,19.569636223452726,2.770963295250111,1.331744585406883,0.7569916590733862,60.88175509917993,White,true,MADISON,250,200,17,11,22,0.005840985023714399,0.0046727880189715194,3.9718698161257915E-4,2.5700334104343357E-4,5.140066820868671E-4,0.1241707710041516
OCEAN HILL,Brooklyn,40043.0,22.221112304272907,8.241140773668306,65.50458257373324,0.27969932322753044,0.0,0.6567939465075044,1.1987113852608446,0.7991409235072298,0.09240066928052344,0.3071697924730914,0.0,65.50458257373324,Black,false,OCEAN HILL,541,429,38,22,52,0.013510476238044102,0.010713483005768798,9.489798466648353E-4,5.494093849112205E-4,0.0012986040006992482,0.32938454510608983
BROWNSVILLE,Brooklyn,49099.0,23.08397319701012,1.7780402859528706,69.32116743721868,0.09979836656551051,0.08961485977311147,0.38086315403572374,1.533636122935294,0.4643679097333958,0.8391209596936801,0.2301472535082181,0.0,69.32116743721868,Black,false,BROWNSVILLE,473,357,51,25,40,0.009633597425609482,0.007271023849772908,0.001038717692824701,5.091753396199516E-4,8.146805433919224E-4,0.22565029330212824
EAST FLATBUSH-FARRAGUT,Brooklyn,35993.0,8.718361903703498,2.075403550690412,80.25449392937516,0.07779290417581197,0.05278804211930097,0.5000972411302197,2.508821159669936,0.3139499347095268,2.042063734615064,0.09446281221348596,0.0,80.25449392937516,Black,false,EAST FLATBUSH-FARRAGUT,419,305,49,16,49,0.011641152446309004,0.008473869919150947,0.0013613758230767094,4.445308810046398E-4,0.0013613758230767094,0.27936675649401543
BELMONT,Bronx,35619.0,61.21171284988349,12.734776383390885,21.56714113254162,0.14318200960161712,0.0,0.28917150958757964,2.296527134394565,0.34532131727448834,0.7439849518515399,0.6962576153176675,0.4295460288048513,61.21171284988349,Hispanic,false,BELMONT,256,202,36,6,11,0.00718717538392431,0.005671130576377776,0.001010696538364356,1.68449423060726E-4,3.088239422779977E-4,0.16019099669554615
NORWOOD,Bronx,41357.0,60.66204028338612,10.532678869357062,14.8342481321179,0.9671881422733758,0.0,0.2345431245012936,11.424909930604251,0.7229731363493483,7.674637908939236,1.0614889861450298,0.9647701719176923,60.66204028338612,Hispanic,false,NORWOOD,420,330,48,15,27,0.010155475493870445,0.00797930217375535,0.0011606257707280508,3.626955533525159E-4,6.528519960345286E-4,0.2396142662719077
PARKCHESTER,Bronx,30824.0,38.75551518297431,1.7194393978717883,35.96548144303141,0.9765118089800154,0.0,0.30171295094731376,20.32507137295614,0.5612509732675838,17.895146638982613,1.3560861666234103,0.15896703867116532,38.75551518297431,Hispanic,false,PARKCHESTER,363,247,95,7,14,0.011776537762782247,0.008013236439138333,0.0030820140150532053,2.2709576953023618E-4,4.5419153906047237E-4,0.2829892825488794
GRAMERCY,Manhattan,27291.0,6.786119966289253,68.76625993917409,5.554944853614745,0.0,0.13191161921512587,0.16488952401890733,15.591220548898905,10.157194679564691,3.257484152284636,1.436370964786926,0.10259792605620902,68.76625993917409,White,true,GRAMERCY,871,803,41,15,11,0.03191528342677073,0.029423619508262798,0.001502326774394489,5.496317467296911E-4,4.0306328093510683E-4,0.8218448451792244
MURRAY HILL-KIPS BAY,Manhattan,58079.0,10.766369944386096,60.69663733879715,6.112364193598375,0.0,0.0,0.9469860018251003,17.553676888376177,10.528762547564524,5.387489454019525,1.0657897002358856,0.12569086933314969,60.69663733879715,White,true,MURRAY HILL-KIPS BAY,805,669,70,43,23,0.013860431481258286,0.011518793367654401,0.001205254911413764,7.403708741541694E-4,3.9601232803595105E-4,0.338748352198347
UPPER EAST SIDE-CARNEGIE HILL,Manhattan,54910.0,7.455836823893644,82.65707521398652,0.732107084319796,0.0364232380258605,0.0018211619012930248,0.287743580404298,6.022582407576033,2.997632489528319,2.5478054999089417,0.3806228373702422,0.07102531415042798,82.65707521398652,White,true,UPPER EAST SIDE-CARNEGIE HILL,783,650,69,46,17,0.014259697687124385,0.011837552358404663,0.0012566017118921871,8.377344745947914E-4,3.0959752321981426E-4,0.3494315804187609
MORNINGSIDE HEIGHTS,Manhattan,38346.0,20.11943879413759,45.07901736817399,14.335263130443854,0.5945861367548114,0.0026078339331351377,0.5346059562927032,16.23637406769937,11.174568403484066,3.859594221040004,0.6858603244145413,0.4120377614353518,45.07901736817399,White,true,MORNINGSIDE HEIGHTS,504,424,46,14,20,0.013143483023001095,0.011057215876492985,0.0011996036092421635,3.650967506389193E-4,5.215667866270276E-4,0.3195648503409317
EAST ELMHURST,Queens,25017.0,55.909981212775314,6.63548786824959,19.614662029819723,0.17188311947875445,0.019986409241715634,0.22384778350721507,15.401526961666068,4.161170404125195,9.097813486828956,1.8027741136027502,0.019986409241715634,55.909981212775314,Hispanic,false,EAST ELMHURST,102,74,7,9,12,0.004077227485309989,0.0029579885677739138,2.7980972938401884E-4,3.597553663508814E-4,4.796738218011752E-4,0.0769776351178428
NORTH CORONA,Queens,42928.0,84.835072679836,2.0825568393589267,5.180767797241893,0.044260156541185244,0.0,0.36805814386880353,7.403093551994036,5.586097651882222,1.2625792023853895,0.5218039508013418,0.03261274692508386,84.835072679836,Hispanic,false,NORTH CORONA,147,112,13,17,5,0.0034243384271338056,0.002609019754006709,3.0283265001863587E-4,3.960119269474469E-4,1.1647409616101379E-4,0.059508180632014254
ELMHURST,Queens,104009.0,42.16173600361507,5.496639713870914,1.2931573229239777,0.33170206424444043,0.04038112086454057,0.28939803286254073,48.79385437798652,22.34518166697113,13.56901806574431,11.13653626128508,0.6297531944350969,48.79385437798652,Asian,false,ELMHURST,403,321,42,20,19,0.0038746646924785353,0.0030862713803613147,4.038112086454057E-4,1.9229105173590747E-4,1.826764991491121E-4,0.07155763083751912
CORONA,Queens,73657.0,70.07073326364093,6.541129831516352,7.801023663738681,0.0651669223563273,0.0,0.5281235999294025,15.512442809237411,6.898190260260397,5.555480130876902,1.8192432491141373,1.1363482085884573,70.07073326364093,Hispanic,false,CORONA,294,239,37,5,13,0.003991473994325047,0.003244769675658797,5.023283598300229E-4,6.788221078784094E-5,1.7649374804838645E-4,0.07468311556815523
MASPETH,Queens,43999.0,34.38487238346326,50.13750312507103,0.7750176140366827,0.0750017045841951,0.0,0.8182004136457647,12.413918498147686,8.493374849428397,1.5386713334393964,2.3295983999636354,0.03409168390190686,50.13750312507103,White,true,MASPETH,138,105,16,3,14,0.0031364349189754314,0.0023864178731334805,3.636446282870065E-4,6.818336780381373E-5,3.181890497511307E-4,0.051804701504744435
RIDGEWOOD,Queens,73527.0,47.23298924204714,40.03563316876794,2.28079481006977,0.0,0.0,0.3128102601765338,8.153467433731826,4.1018945421409825,2.0808682524786812,1.6442939328409973,0.1672854869639724,47.23298924204714,Hispanic,false,RIDGEWOOD,520,413,53,19,35,0.00707223196920859,0.005616984237082977,7.208236430154909E-4,2.5840847579800615E-4,4.7601561331211663E-4,0.15711543779824858
GLENDALE,Queens,36257.0,44.449347712165924,48.7436908734865,1.2963014038668395,0.08274264280001103,0.0,0.17651763797335687,4.239181399453899,2.3471329674269796,1.2797528753068372,0.5874727638800784,0.0,48.7436908734865,White,true,GLENDALE,161,115,22,10,14,0.004440521830267259,0.0031718013073337562,6.067793805334142E-4,2.758088093333701E-4,3.8613233306671816E-4,0.08669835863849533
MIDDLE VILLAGE,Queens,37098.0,20.664186748611783,63.634158175642895,0.5579815623483746,0.11321365033155426,0.0,2.1375815407838696,12.065340449619926,7.175588980538035,1.668553560838859,2.194188365949647,0.7736266105989541,63.634158175642895,White,true,MIDDLE VILLAGE,1431,1386,12,16,17,0.03857350800582242,0.037360504609412905,3.2346757237586933E-4,4.312900965011591E-4,4.5824572753248155E-4,1.0
REGO PARK,Queens,30274.0,18.897403712756823,37.24648212988043,3.3229834181145534,0.0,0.11230759067186365,1.0074651516152473,37.391821364867546,19.16496003171038,10.01189139195349,6.665785822818259,0.8555195877650789,37.391821364867546,Asian,false,REGO PARK,248,196,30,13,9,0.008191847790182996,0.006474202285789787,9.909493294576203E-4,4.2941137609830217E-4,2.972847988372861E-4,0.18707317316107322
FOREST HILLS,Queens,92512.0,15.173166724316845,48.46614493254929,3.2039086821169147,0.008647526807333102,0.0,0.4561570390868212,27.730456589415425,18.628934624697337,5.033941542718782,2.9423209961950882,0.40967658249740574,48.46614493254929,White,true,FOREST HILLS,742,595,87,35,25,0.008020581113801453,0.0064315980629539955,9.404185402974749E-4,3.7832929782082324E-4,2.7023521272915945E-4,0.18249056395585186
COLLEGE POINT,Queens,31377.0,40.71453612518724,25.936195302291488,1.899480511202473,0.0,0.09242438729005323,0.17847467890493035,30.560601714631737,26.184785033623353,2.0779551901074034,1.724192880135131,0.2422156356566912,40.71453612518724,Hispanic,false,COLLEGE POINT,124,91,11,12,10,0.003951939318609173,0.0029002135322051185,3.505752621346846E-4,3.8244574051056506E-4,3.187047837588042E-4,0.07362528007622685
EAST FLUSHING,Queens,30768.0,16.71541861674467,13.686297451898074,2.258840353614145,0.984789391575663,0.0,0.406266250650026,64.61583463338533,55.950988039521576,4.400676027041082,3.1396255850234005,0.22425897035881437,64.61583463338533,Asian,false,EAST FLUSHING,72,55,6,5,6,0.00234009360374415,0.0017875715028601144,1.950078003120125E-4,1.625065002600104E-4,1.950078003120125E-4,0.03049687257515681
QUEENSBORO HILL,Queens,20744.0,16.62167373698419,12.890474354030083,1.2485537986887774,0.20728885460856153,0.0,1.031623602005399,67.09892016968763,57.22136521403779,6.078866178172001,3.1575395295025066,0.37119166988044733,67.09892016968763,Asian,false,QUEENSBORO HILL,46,35,6,3,2,0.0022175086772078675,0.0016872348630929425,2.8924026224450445E-4,1.4462013112225222E-4,9.641342074816814E-5,0.027216848552765655
JAMAICA,Queens,59260.0,35.38980762740466,4.358758015524806,15.57543030712116,0.9686128923388458,0.04387445156935538,4.920688491393857,35.27505906176172,1.420857239284509,30.76105298683767,2.01484981437732,0.37630779615254806,35.38980762740466,Hispanic,false,JAMAICA,397,305,23,39,30,0.006699291258859264,0.005146810664866689,3.881201484981438E-4,6.581167735403308E-4,5.062436719541006E-4,0.14713660497240882
SOUTH JAMAICA,Queens,45556.0,13.427429976292915,2.29168495917113,57.14285714285714,1.483887962068663,0.0,7.191149354640443,15.771797348318554,0.9724295372728071,14.015716919834928,0.2721924664149618,0.07682851874615856,57.14285714285714,Black,false,SOUTH JAMAICA,223,163,22,9,29,0.004895074194398104,0.003578013873035385,4.829221178329968E-4,1.9755904820440776E-4,6.365791553253139E-4,0.09886088722917467
BAISLEY PARK,Queens,44511.0,13.540473141470647,1.2693491496484015,66.20610635573229,0.26285637258205835,0.0,6.625328570465728,7.416144323874997,0.5931118150569522,6.784839702545438,0.038192806272606766,0.0,66.20610635573229,Black,false,BAISLEY PARK,193,106,32,12,43,0.004336006829772416,0.002381433802880187,7.189234121902452E-4,2.695962795713419E-4,9.660533351306419E-4,0.08390183444902374
ST. ALBANS,Queens,55619.0,6.794440748665025,1.564213667991154,82.4628274510509,0.5106168755281468,0.2247433431021773,2.637587874647153,2.4631870403998635,0.2031679821643683,1.8698646146101152,0.3703770294323882,0.010787680468904512,82.4628274510509,Black,false,ST. ALBANS,230,146,26,27,31,0.0041352775130800625,0.002625002247433431,4.6746615365252884E-4,4.8544562110070297E-4,5.573634908933998E-4,0.0785308887760726
HOLLIS,Queens,23229.0,12.923500796418269,2.2644108657281845,52.133109475224934,0.16358861767618063,0.0,5.919324981703904,22.53217960308235,0.6629643979508373,17.76658487235783,2.2299711567437255,1.610056395023462,52.133109475224934,Black,false,HOLLIS,153,110,10,6,27,0.0065865943432778,0.004735459985363124,4.304963623057385E-4,2.582978173834431E-4,0.001162340178225494,0.14412115600326345
GLEN OAKS-FLORAL PARK-NEW HYDE PARK,Queens,25349.0,8.99443765040041,33.038778650045366,4.812813128723026,0.6824726813681012,0.15385222296737544,2.0316383289281625,48.151800859994474,5.140242218627954,38.569568819282814,3.6530040632766583,0.12229279261509331,48.151800859994474,Asian,false,GLEN OAKS-FLORAL PARK-NEW HYDE PARK,82,64,6,3,9,0.0032348416111089196,0.002524754428182571,2.3669572764211606E-4,1.1834786382105803E-4,3.550435914631741E-4,0.05443778473350795
BELLEROSE,Queens,28325.0,21.020300088261255,19.950573698146513,10.40423654015887,0.06354810238305383,0.0,1.0661959399823477,43.95410414827891,8.190644307149162,30.08296557811121,5.0450132391879965,0.28949691085613416,43.95410414827891,Asian,false,BELLEROSE,78,50,7,9,12,0.0027537511032656664,0.00176522506619594,2.471315092674316E-4,3.177405119152692E-4,4.236540158870256E-4,0.041565170887276355
QUEENS VILLAGE,Queens,59042.0,21.425425967955015,4.825378544087259,40.48304596727753,0.2032451475221029,0.0,7.238914670912232,20.217811049761185,2.003658412655398,14.34233257680973,3.5449341146980116,0.17445208495647166,40.48304596727753,Black,false,QUEENS VILLAGE,179,109,31,15,24,0.003031740117204702,0.001846143423325768,5.250499644320992E-4,2.540564344026286E-4,4.0649029504420583E-4,0.049003366344455915
CAMBRIA HEIGHTS,Queens,21653.0,5.8375282870733844,2.7848335103680784,87.74303791622408,0.5495774257608645,0.0,0.6188518911929063,0.5634323188472729,0.1662587170369002,0.20320509860065583,0.1939685032097169,0.0,87.74303791622408,Black,false,CAMBRIA HEIGHTS,66,48,9,3,6,0.003048076479009837,0.002216782893825336,4.156467925922505E-4,1.385489308640835E-4,2.77097861728167E-4,0.04944048092838852
LAURELTON,Queens,28918.0,6.611798879590566,1.0823708416902966,88.08008852617746,0.13486409848537242,0.0,1.3763054153122622,1.4316342762293381,0.29393457362196557,0.9198423127463863,0.12794799087073797,0.06224496853171035,88.08008852617746,Black,false,LAURELTON,218,179,11,10,18,0.007538557299951587,0.006189916315097863,3.803859188048966E-4,3.4580538073172417E-4,6.224496853171035E-4,0.16959297749505475
SPRINGFIELD GARDENS SOUTH-BROOKVILLE,Queens,23707.0,9.258868688572996,3.0370776563884085,82.05593284683849,0.12654490234951704,0.0,0.8436326823301135,1.9867549668874174,0.409161850930105,1.227485552790315,0.20669000717087777,0.008436326823301135,82.05593284683849,Black,false,SPRINGFIELD GARDENS SOUTH-BROOKVILLE,64,43,9,6,6,0.002699624583456363,0.0018138102670097439,3.7963470704855106E-4,2.5308980469903404E-4,2.5308980469903404E-4,0.04011689914425418
ROSEDALE,Queens,27169.0,9.849460782509478,6.01420736869226,76.37012771909161,0.3496632191100151,0.0,0.8907210423644596,4.998343700541058,0.46376384850380953,4.2474879458206045,0.28709190621664393,0.0,76.37012771909161,Black,false,ROSEDALE,71,50,4,4,13,0.0026132724796643233,0.001840332732157974,1.4722661857263794E-4,1.4722661857263794E-4,4.784865103610733E-4,0.03780636241820677
FAR ROCKAWAY-BAYSWATER,Queens,65068.0,24.31763693366939,26.887256408680148,40.44845392512448,0.0,0.05840044261388087,0.7315423864265077,4.613634966496588,0.5409725210548965,2.7110100202864693,1.204893342349542,0.1567590828056802,40.44845392512448,Black,false,FAR ROCKAWAY-BAYSWATER,394,310,36,16,32,0.006055203786807647,0.004764246634290281,5.532673510788714E-4,2.458966004794984E-4,4.917932009589968E-4,0.12990265590098518
RIKERS ISLAND,Queens,6661.0,32.5176399939949,16.003603062603215,47.39528599309413,0.5854976730220687,0.0,0.2702296952409548,2.657258669869389,1.411199519591653,0.6155231947155082,0.48040834709503083,0.1501276084671971,47.39528599309413,Black,false,RIKERS ISLAND,9,5,2,2,0,0.0013511484762047741,7.506380423359856E-4,3.0025521693439425E-4,3.0025521693439425E-4,0.0,0.00403551336231952
